Name,Company,LeadScore,Industry,Business Need,Action
Sarah Johnson,BrightTech,70,Tech,Looking for automation tools to improve workflows,Schedule a demo to showcase automation solutions.
Ahmed Khan,RetailHub,100,Retail,Help with customer data analysis,Schedule a meeting to discuss customer data analysis solutions.
Priya Sharma,FinEdge,80,Finance,Cost optimization solutions,Follow up with a tailored presentation on cost optimization solutions.
John Carter,StartupX,80,Tech,Exploring AI solutions for scaling,Schedule a meeting to discuss specific AI solutions that can aid in scaling StartupX.
Fatima Noor,HealthPlus,70,Healthcare,Need better patient data management,Schedule a demo to discuss data management solutions
David Lee,Logix,70,Logistics,Optimize logistics using AI,Schedule a meeting to discuss AI solutions for logistics optimization.
Aisha Malik,EduPrime,80,Education,Looking for digital learning solutions,Schedule a meeting to discuss tailored digital learning solutions for EduPrime.
Michael Brown,FinTrust,60,Finance,Need financial forecasting tools,Follow up with a demonstration of financial forecasting tools tailored to their needs.
Ravi Patel,BuildCorp,70,Construction,Looking for project automation tools,Follow up to discuss specific project automation needs and potential solutions.
Emily Davis,MediTech,70,Healthcare Technology,Improve healthcare workflow systems,Schedule a consultation to discuss specific workflow challenges and how our solutions can address them.
Omar Hassan,EcomWorld,100,E-commerce,Scaling e-commerce with AI insights,Schedule a meeting to discuss AI solutions for e-commerce scaling.
Sophia Wilson,MarketGen,100,Marketing,Need better lead generation tools,Schedule a demo of our lead generation tools
Ali Raza,SecureIT,70,Tech,Looking for cybersecurity automation,Schedule a demo to showcase our cybersecurity automation solutions.
Daniel Kim,CloudNet,80,Tech,Interested in cloud optimization,Follow up with tailored solutions for cloud optimization.
Zara Ali,FashionHub,70,Fashion,Customer behavior insights,Schedule a consultation to discuss AI-driven analytics solutions.
Lucas Martin,GreenTech,100,Tech/Sustainability,Need data for energy optimization,Schedule a meeting to discuss energy optimization solutions.
Nina Kapoor,HRFlow,70,HR/Recruitment,Looking for recruitment automation,Schedule a consultation to discuss recruitment automation solutions.
James Smith,AutoDrive,80,Automotive Technology,Interested in AI for autonomous systems,Schedule a call to discuss AI solutions for autonomous systems.
Hassan Ali,FoodChain,70,Food Supply Chain,Need supply chain optimization,Engage with detailed information on supply chain optimization solutions and set up a discovery call.
Olivia Taylor,DesignPro,80,Design,Looking for workflow collaboration tools,Follow up with a demo of collaboration tools tailored for design teams.