Name,Email,Company Name,Job Title,Message
Sarah Johnson,sarah@brighttech.com,BrightTech,Product Manager,Looking for automation tools to improve workflows
Ahmed Khan,ahmed@retailhub.com,RetailHub,Operations Head,Need help with customer data analysis
Priya Sharma,priya@finedge.com,FinEdge,CFO,Interested in cost optimization solutions
John Carter,john@startupx.com,StartupX,Founder,Exploring AI solutions for scaling
Fatima Noor,fatima@healthplus.com,HealthPlus,Admin Manager,Need better patient data management
David Lee,david@logix.com,Logix,Supply Chain Manager,Want to optimize logistics using AI
Aisha Malik,aisha@eduprime.com,EduPrime,Director,Looking for digital learning solutions
Michael Brown,michael@fintrust.com,FinTrust,Analyst,Need financial forecasting tools
Ravi Patel,ravi@buildcorp.com,BuildCorp,Project Manager,Looking for project automation tools
Emily Davis,emily@meditech.com,MediTech,Operations Manager,Improve healthcare workflow systems
Omar Hassan,omar@ecomworld.com,EcomWorld,CEO,Scaling e-commerce with AI insights
Sophia Wilson,sophia@marketgen.com,MarketGen,Marketing Head,Need better lead generation tools
Ali Raza,ali@secureit.com,SecureIT,IT Manager,Looking for cybersecurity automation
Daniel Kim,daniel@cloudnet.com,CloudNet,Engineer,Interested in cloud optimization
Zara Ali,zara@fashionhub.com,FashionHub,Brand Manager,Want customer behavior insights
Lucas Martin,lucas@greentech.com,GreenTech,Sustainability Lead,Need data for energy optimization
Nina Kapoor,nina@hrflow.com,HRFlow,HR Manager,Looking for recruitment automation
James Smith,james@autodrive.com,AutoDrive,CTO,Interested in AI for autonomous systems
Hassan Ali,hassan@foodchain.com,FoodChain,Operations Manager,Need supply chain optimization
Olivia Taylor,olivia@designpro.com,DesignPro,Creative Director,Looking for workflow collaboration tools